Overall rank,Country or region,Score,GDP per capita,Healthy life expectancy,Freedom to make life choices,Generosity,Perceptions of corruption,Year,Happiness
1,Finland,7.769,1.34,0.986,0.596,0.153,0.393,2019,1
2,Denmark,7.6,1.383,0.996,0.592,0.252,0.41,2019,1
3,Norway,7.554,1.488,1.028,0.603,0.271,0.341,2019,1
4,Iceland,7.494,1.38,1.026,0.591,0.354,0.118,2019,1
5,Netherlands,7.488,1.396,0.999,0.557,0.322,0.298,2019,1
6,Switzerland,7.48,1.452,1.052,0.572,0.263,0.343,2019,1
7,Sweden,7.343,1.387,1.009,0.574,0.267,0.373,2019,1
8,New Zealand,7.307,1.303,1.026,0.585,0.33,0.38,2019,1
9,Canada,7.278,1.365,1.039,0.584,0.285,0.308,2019,1
10,Austria,7.246,1.376,1.016,0.532,0.244,0.226,2019,1
11,Australia,7.228,1.372,1.036,0.557,0.332,0.29,2019,1
12,Costa Rica,7.167,1.034,0.963,0.558,0.144,0.093,2019,1
13,Israel,7.139,1.276,1.029,0.371,0.261,0.082,2019,1
14,Luxembourg,7.09,1.609,1.012,0.526,0.194,0.316,2019,1
15,United Kingdom,7.054,1.333,0.996,0.45,0.348,0.278,2019,1
16,Ireland,7.021,1.499,0.999,0.516,0.298,0.31,2019,1
17,Germany,6.985,1.373,0.987,0.495,0.261,0.265,2019,1
18,Belgium,6.923,1.356,0.986,0.473,0.16,0.21,2019,1
19,United States,6.892,1.433,0.874,0.454,0.28,0.128,2019,1
20,Czech Republic,6.852,1.269,0.92,0.457,0.046,0.036,2019,1
21,United Arab Emirates,6.825,1.503,0.825,0.598,0.262,0.182,2019,1
22,Malta,6.726,1.3,0.999,0.564,0.375,0.151,2019,1
23,Mexico,6.595,1.07,0.861,0.433,0.074,0.073,2019,1
24,France,6.592,1.324,1.045,0.436,0.111,0.183,2019,1
25,Taiwan,6.446,1.368,0.914,0.351,0.242,0.097,2019,1
26,Chile,6.444,1.159,0.92,0.357,0.187,0.056,2019,1
27,Guatemala,6.436,0.8,0.746,0.535,0.175,0.078,2019,1
28,Saudi Arabia,6.375,1.403,0.795,0.439,0.08,0.132,2019,1
29,Qatar,6.374,1.684,0.871,0.555,0.22,0.167,2019,1
30,Spain,6.354,1.286,1.062,0.362,0.153,0.079,2019,1
31,Panama,6.321,1.149,0.91,0.516,0.109,0.054,2019,1
32,Brazil,6.3,1.004,0.802,0.39,0.099,0.086,2019,1
33,Uruguay,6.293,1.124,0.891,0.523,0.127,0.15,2019,1
34,Singapore,6.262,1.572,1.141,0.556,0.271,0.453,2019,1
35,El Salvador,6.253,0.794,0.789,0.43,0.093,0.074,2019,1
36,Italy,6.223,1.294,1.039,0.231,0.158,0.03,2019,1
37,Bahrain,6.199,1.362,0.871,0.536,0.255,0.11,2019,1
38,Slovakia,6.198,1.246,0.881,0.334,0.121,0.014,2019,1
39,Trinidad & Tobago,6.192,1.231,0.713,0.489,0.185,0.016,2019,1
40,Poland,6.182,1.206,0.884,0.483,0.117,0.05,2019,1
41,Uzbekistan,6.174,0.745,0.756,0.631,0.322,0.24,2019,1
42,Lithuania,6.149,1.238,0.818,0.291,0.043,0.042,2019,1
43,Colombia,6.125,0.985,0.841,0.47,0.099,0.034,2019,1
44,Slovenia,6.118,1.258,0.953,0.564,0.144,0.057,2019,1
45,Nicaragua,6.105,0.694,0.835,0.435,0.2,0.127,2019,1
46,Kosovo,6.1,0.882,0.758,0.489,0.262,0.006,2019,1
47,Argentina,6.086,1.092,0.881,0.471,0.066,0.05,2019,1
48,Romania,6.07,1.162,0.825,0.462,0.083,0.005,2019,1
49,Cyprus,6.046,1.263,1.042,0.406,0.19,0.041,2019,1
50,Ecuador,6.028,0.912,0.868,0.498,0.126,0.087,2019,1
51,Kuwait,6.021,1.5,0.808,0.493,0.142,0.097,2019,1
52,Thailand,6.008,1.05,0.828,0.557,0.359,0.028,2019,1
53,Latvia,5.94,1.187,0.812,0.264,0.075,0.064,2019,1
54,South Korea,5.895,1.301,1.036,0.159,0.175,0.056,2019,1
55,Estonia,5.893,1.237,0.874,0.495,0.103,0.161,2019,1
56,Jamaica,5.89,0.831,0.831,0.49,0.107,0.028,2019,1
57,Mauritius,5.888,1.12,0.798,0.498,0.215,0.06,2019,1
58,Japan,5.886,1.327,1.088,0.445,0.069,0.14,2019,1
59,Honduras,5.86,0.642,0.828,0.507,0.246,0.078,2019,1
60,Kazakhstan,5.809,1.173,0.729,0.41,0.146,0.096,2019,1
61,Bolivia,5.779,0.776,0.706,0.511,0.137,0.064,2019,1
62,Hungary,5.758,1.201,0.828,0.199,0.081,0.02,2019,1
63,Paraguay,5.743,0.855,0.777,0.514,0.184,0.08,2019,1
64,Northern Cyprus,5.718,1.263,1.042,0.417,0.191,0.162,2019,1
65,Peru,5.697,0.96,0.854,0.455,0.083,0.027,2019,1
66,Portugal,5.693,1.221,0.999,0.508,0.047,0.025,2019,1
67,Pakistan,5.653,0.677,0.535,0.313,0.22,0.098,2019,1
68,Russia,5.648,1.183,0.726,0.334,0.082,0.031,2019,1
69,Philippines,5.631,0.807,0.657,0.558,0.117,0.107,2019,1
70,Serbia,5.603,1.004,0.854,0.282,0.137,0.039,2019,1
71,Moldova,5.529,0.685,0.739,0.245,0.181,0,2019,1
72,Libya,5.525,1.044,0.673,0.416,0.133,0.152,2019,1
73,Montenegro,5.523,1.051,0.871,0.197,0.142,0.08,2019,1
74,Tajikistan,5.467,0.493,0.718,0.389,0.23,0.144,2019,1
75,Croatia,5.432,1.155,0.914,0.296,0.119,0.022,2019,1
76,Hong Kong,5.43,1.438,1.122,0.44,0.258,0.287,2019,1
77,Dominican Republic,5.425,1.015,0.779,0.497,0.113,0.101,2019,1
78,Bosnia and Herzegovina,5.386,0.945,0.845,0.212,0.263,0.006,2019,1
79,Turkey,5.373,1.183,0.808,0.195,0.083,0.106,2019,1
80,Malaysia,5.339,1.221,0.828,0.508,0.26,0.024,2019,1
81,Belarus,5.323,1.067,0.789,0.235,0.094,0.142,2019,1
82,Greece,5.287,1.181,0.999,0.067,0,0.034,2019,1
83,Mongolia,5.285,0.948,0.667,0.317,0.235,0.038,2019,1
84,North Macedonia,5.274,0.983,0.838,0.345,0.185,0.034,2019,1
85,Nigeria,5.265,0.696,0.245,0.426,0.215,0.041,2019,1
86,Kyrgyzstan,5.261,0.551,0.723,0.508,0.3,0.023,2019,1
87,Turkmenistan,5.247,1.052,0.657,0.394,0.244,0.028,2019,1
88,Algeria,5.211,1.002,0.785,0.086,0.073,0.114,2019,1
89,Morocco,5.208,0.801,0.782,0.418,0.036,0.076,2019,1
90,Azerbaijan,5.208,1.043,0.769,0.351,0.035,0.182,2019,1
91,Lebanon,5.197,0.987,0.815,0.216,0.166,0.027,2019,1
92,Indonesia,5.192,0.931,0.66,0.491,0.498,0.028,2019,1
93,China,5.191,1.029,0.893,0.521,0.058,0.1,2019,1
94,Vietnam,5.175,0.741,0.851,0.543,0.147,0.073,2019,1
95,Bhutan,5.082,0.813,0.604,0.457,0.37,0.167,2019,1
96,Cameroon,5.044,0.549,0.331,0.381,0.187,0.037,2019,1
97,Bulgaria,5.011,1.092,0.815,0.311,0.081,0.004,2019,1
98,Ghana,4.996,0.611,0.486,0.381,0.245,0.04,2019,0
99,Ivory Coast,4.944,0.569,0.232,0.352,0.154,0.09,2019,0
100,Nepal,4.913,0.446,0.677,0.439,0.285,0.089,2019,0
101,Jordan,4.906,0.837,0.815,0.383,0.11,0.13,2019,0
102,Benin,4.883,0.393,0.397,0.349,0.175,0.082,2019,0
103,Congo (Brazzaville),4.812,0.673,0.508,0.372,0.105,0.093,2019,0
104,Gabon,4.799,1.057,0.571,0.295,0.043,0.055,2019,0
105,Laos,4.796,0.764,0.551,0.547,0.266,0.164,2019,0
106,South Africa,4.722,0.96,0.469,0.389,0.13,0.055,2019,0
107,Albania,4.719,0.947,0.874,0.383,0.178,0.027,2019,0
108,Venezuela,4.707,0.96,0.805,0.154,0.064,0.047,2019,0
109,Cambodia,4.7,0.574,0.637,0.609,0.232,0.062,2019,0
110,Palestinian Territories,4.696,0.657,0.672,0.225,0.103,0.066,2019,0
111,Senegal,4.681,0.45,0.571,0.292,0.153,0.072,2019,0
112,Somalia,4.668,0,0.268,0.559,0.243,0.27,2019,0
113,Namibia,4.639,0.879,0.477,0.401,0.07,0.056,2019,0
114,Niger,4.628,0.138,0.366,0.318,0.188,0.102,2019,0
115,Burkina Faso,4.587,0.331,0.38,0.255,0.177,0.113,2019,0
116,Armenia,4.559,0.85,0.815,0.283,0.095,0.064,2019,0
117,Iran,4.548,1.1,0.785,0.305,0.27,0.125,2019,0
118,Guinea,4.534,0.38,0.375,0.332,0.207,0.086,2019,0
119,Georgia,4.519,0.886,0.752,0.346,0.043,0.164,2019,0
120,Gambia,4.516,0.308,0.428,0.382,0.269,0.167,2019,0
121,Kenya,4.509,0.512,0.581,0.431,0.372,0.053,2019,0
122,Mauritania,4.49,0.57,0.489,0.066,0.106,0.088,2019,0
123,Mozambique,4.466,0.204,0.39,0.494,0.197,0.138,2019,0
124,Tunisia,4.461,0.921,0.815,0.167,0.059,0.055,2019,0
125,Bangladesh,4.456,0.562,0.723,0.527,0.166,0.143,2019,0
126,Iraq,4.437,1.043,0.574,0.241,0.148,0.089,2019,0
127,Congo (Kinshasa),4.418,0.094,0.357,0.269,0.212,0.053,2019,0
128,Mali,4.39,0.385,0.308,0.327,0.153,0.052,2019,0
129,Sierra Leone,4.374,0.268,0.242,0.309,0.252,0.045,2019,0
130,Sri Lanka,4.366,0.949,0.831,0.47,0.244,0.047,2019,0
131,Myanmar,4.36,0.71,0.555,0.525,0.566,0.172,2019,0
132,Chad,4.35,0.35,0.192,0.174,0.198,0.078,2019,0
133,Ukraine,4.332,0.82,0.739,0.178,0.187,0.01,2019,0
134,Ethiopia,4.286,0.336,0.532,0.344,0.209,0.1,2019,0
135,Swaziland,4.212,0.811,0,0.313,0.074,0.135,2019,0
136,Uganda,4.189,0.332,0.443,0.356,0.252,0.06,2019,0
137,Egypt,4.166,0.913,0.644,0.241,0.076,0.067,2019,0
138,Zambia,4.107,0.578,0.426,0.431,0.247,0.087,2019,0
139,Togo,4.085,0.275,0.41,0.293,0.177,0.085,2019,0
140,India,4.015,0.755,0.588,0.498,0.2,0.085,2019,0
141,Liberia,3.975,0.073,0.443,0.37,0.233,0.033,2019,0
142,Comoros,3.973,0.274,0.505,0.142,0.275,0.078,2019,0
143,Madagascar,3.933,0.274,0.555,0.148,0.169,0.041,2019,0
144,Lesotho,3.802,0.489,0.168,0.359,0.107,0.093,2019,0
145,Burundi,3.775,0.046,0.38,0.22,0.176,0.18,2019,0
146,Zimbabwe,3.663,0.366,0.433,0.361,0.151,0.089,2019,0
147,Haiti,3.597,0.323,0.449,0.026,0.419,0.11,2019,0
148,Botswana,3.488,1.041,0.538,0.455,0.025,0.1,2019,0
149,Syria,3.462,0.619,0.44,0.013,0.331,0.141,2019,0
150,Malawi,3.41,0.191,0.495,0.443,0.218,0.089,2019,0
151,Yemen,3.38,0.287,0.463,0.143,0.108,0.077,2019,0
152,Rwanda,3.334,0.359,0.614,0.555,0.217,0.411,2019,0
153,Tanzania,3.231,0.476,0.499,0.417,0.276,0.147,2019,0
154,Afghanistan,3.203,0.35,0.361,0,0.158,0.025,2019,0
155,Central African Republic,3.083,0.026,0.105,0.225,0.235,0.035,2019,0
156,South Sudan,2.853,0.306,0.295,0.01,0.202,0.091,2019,0
1,Finland,7.632,1.305,0.874,0.681,0.202,0.393,2018,1
2,Norway,7.594,1.456,0.861,0.686,0.286,0.34,2018,1
3,Denmark,7.555,1.351,0.868,0.683,0.284,0.408,2018,1
4,Iceland,7.495,1.343,0.914,0.677,0.353,0.138,2018,1
5,Switzerland,7.487,1.42,0.927,0.66,0.256,0.357,2018,1
6,Netherlands,7.441,1.361,0.878,0.638,0.333,0.295,2018,1
7,Canada,7.328,1.33,0.896,0.653,0.321,0.291,2018,1
8,New Zealand,7.324,1.268,0.876,0.669,0.365,0.389,2018,1
9,Sweden,7.314,1.355,0.913,0.659,0.285,0.383,2018,1
10,Australia,7.272,1.34,0.91,0.647,0.361,0.302,2018,1
11,United Kingdom,7.19,1.244,0.888,0.464,0.262,0.082,2018,1
12,Austria,7.139,1.341,0.891,0.617,0.242,0.224,2018,1
13,Costa Rica,7.072,1.01,0.817,0.632,0.143,0.101,2018,1
14,Ireland,6.977,1.448,0.876,0.614,0.307,0.306,2018,1
15,Germany,6.965,1.34,0.861,0.586,0.273,0.28,2018,1
16,Belgium,6.927,1.324,0.894,0.583,0.188,0.24,2018,1
17,Luxembourg,6.91,1.576,0.896,0.632,0.196,0.321,2018,1
18,United States,6.886,1.398,0.819,0.547,0.291,0.133,2018,1
19,Israel,6.814,1.301,0.883,0.533,0.354,0.272,2018,1
20,United Arab Emirates,6.774,2.096,0.67,0.284,0.186,N/A,2018,1
21,Czech Republic,6.711,1.233,0.854,0.543,0.064,0.034,2018,1
22,Malta,6.627,1.27,0.884,0.645,0.376,0.142,2018,1
23,France,6.489,1.293,0.908,0.52,0.098,0.176,2018,1
24,Mexico,6.488,1.038,0.761,0.479,0.069,0.095,2018,1
25,Chile,6.476,1.131,0.808,0.431,0.197,0.061,2018,1
26,Taiwan,6.441,1.365,0.857,0.418,0.151,0.078,2018,1
27,Panama,6.43,1.112,0.759,0.597,0.125,0.063,2018,1
28,Brazil,6.419,0.986,0.675,0.493,0.11,0.088,2018,1
29,Argentina,6.388,1.073,0.744,0.57,0.062,0.054,2018,1
30,Guatemala,6.382,0.781,0.608,0.604,0.179,0.071,2018,1
31,Uruguay,6.379,1.093,0.771,0.625,0.13,0.155,2018,1
32,Qatar,6.374,1.649,0.748,0.654,0.256,0.171,2018,1
33,Saudi Arabia,6.371,1.379,0.633,0.509,0.098,0.127,2018,1
34,Singapore,6.343,1.529,1.008,0.631,0.261,0.457,2018,1
35,Malaysia,6.322,1.161,0.669,0.356,0.311,0.059,2018,1
36,Spain,6.31,1.251,0.965,0.449,0.142,0.074,2018,1
37,Colombia,6.26,0.96,0.635,0.531,0.099,0.039,2018,1
38,Trinidad & Tobago,6.192,1.223,0.564,0.575,0.171,0.019,2018,1
39,Slovakia,6.173,1.21,0.776,0.354,0.118,0.014,2018,1
40,El Salvador,6.167,0.806,0.639,0.461,0.065,0.082,2018,1
41,Nicaragua,6.141,0.668,0.7,0.527,0.208,0.128,2018,1
42,Poland,6.123,1.176,0.781,0.546,0.108,0.064,2018,1
43,Bahrain,6.105,1.338,0.698,0.594,0.243,0.123,2018,1
44,Uzbekistan,6.096,0.719,0.605,0.724,0.328,0.259,2018,1
45,Kuwait,6.083,1.474,0.675,0.554,0.167,0.106,2018,1
46,Thailand,6.072,1.016,0.707,0.637,0.364,0.029,2018,1
47,Italy,6,1.264,0.946,0.281,0.137,0.028,2018,1
48,Ecuador,5.973,0.889,0.736,0.556,0.114,0.12,2018,1
49,Belize,5.956,0.807,0.474,0.593,0.183,0.089,2018,1
50,Lithuania,5.952,1.197,0.716,0.35,0.026,0.006,2018,1
51,Slovenia,5.948,1.219,0.856,0.633,0.16,0.051,2018,1
52,Romania,5.945,1.116,0.726,0.528,0.088,0.001,2018,1
53,Latvia,5.933,1.148,0.671,0.363,0.092,0.066,2018,1
54,Japan,5.915,1.294,0.988,0.553,0.079,0.15,2018,1
55,Mauritius,5.891,1.09,0.684,0.584,0.245,0.05,2018,1
56,Jamaica,5.89,0.819,0.693,0.575,0.096,0.031,2018,1
57,South Korea,5.875,1.266,0.955,0.244,0.175,0.051,2018,1
58,Northern Cyprus,5.835,1.229,0.909,0.495,0.179,0.154,2018,1
59,Russia,5.81,1.151,0.599,0.399,0.065,0.025,2018,1
60,Kazakhstan,5.79,1.143,0.631,0.454,0.148,0.121,2018,1
61,Cyprus,5.762,1.229,0.909,0.423,0.202,0.035,2018,1
62,Bolivia,5.752,0.751,0.508,0.606,0.141,0.054,2018,1
63,Estonia,5.739,1.2,0.737,0.553,0.086,0.174,2018,1
64,Paraguay,5.681,0.835,0.615,0.541,0.162,0.074,2018,1
65,Peru,5.663,0.934,0.674,0.53,0.092,0.034,2018,1
66,Kosovo,5.662,0.855,0.578,0.448,0.274,0.023,2018,1
67,Moldova,5.64,0.657,0.62,0.232,0.171,0,2018,1
68,Turkmenistan,5.636,1.016,0.517,0.417,0.199,0.037,2018,1
69,Hungary,5.62,1.171,0.732,0.259,0.061,0.022,2018,1
70,Libya,5.566,0.985,0.553,0.496,0.116,0.148,2018,1
71,Philippines,5.524,0.775,0.513,0.643,0.12,0.105,2018,1
72,Honduras,5.504,0.62,0.622,0.459,0.197,0.074,2018,1
73,Belarus,5.483,1.039,0.7,0.307,0.101,0.154,2018,1
74,Turkey,5.483,1.148,0.686,0.324,0.106,0.109,2018,1
75,Pakistan,5.472,0.652,0.424,0.334,0.216,0.113,2018,1
76,Hong Kong,5.43,1.405,1.03,0.524,0.246,0.291,2018,1
77,Portugal,5.41,1.188,0.884,0.562,0.055,0.017,2018,1
78,Serbia,5.398,0.975,0.685,0.288,0.134,0.043,2018,1
79,Greece,5.358,1.154,0.879,0.131,0,0.044,2018,1
80,Lebanon,5.358,0.965,0.785,0.503,0.214,0.136,2018,1
81,Montenegro,5.347,1.017,0.729,0.259,0.111,0.081,2018,1
82,Croatia,5.321,1.115,0.737,0.38,0.12,0.039,2018,1
83,Dominican Republic,5.302,0.982,0.614,0.578,0.12,0.106,2018,1
84,Algeria,5.295,0.979,0.687,0.077,0.055,0.135,2018,1
85,Morocco,5.254,0.779,0.669,0.46,0.026,0.074,2018,1
86,China,5.246,0.989,0.799,0.597,0.029,0.103,2018,1
87,Azerbaijan,5.201,1.024,0.603,0.43,0.031,0.176,2018,1
88,Tajikistan,5.199,0.474,0.598,0.292,0.187,0.034,2018,1
89,Macedonia,5.185,0.959,0.691,0.394,0.173,0.052,2018,1
90,Jordan,5.161,0.822,0.645,0.468,0.13,0.134,2018,1
91,Nigeria,5.155,0.689,0.048,0.462,0.201,0.032,2018,1
92,Kyrgyzstan,5.131,0.53,0.594,0.54,0.281,0.035,2018,1
93,Bosnia and Herzegovina,5.129,0.915,0.758,0.28,0.216,0,2018,1
94,Mongolia,5.125,0.914,0.575,0.395,0.253,0.032,2018,1
95,Vietnam,5.103,0.715,0.702,0.618,0.177,0.079,2018,1
96,Indonesia,5.093,0.899,0.522,0.538,0.484,0.018,2018,1
97,Bhutan,5.082,0.796,0.527,0.541,0.364,0.171,2018,1
98,Somalia,4.982,0,0.115,0.674,0.238,0.282,2018,0
99,Cameroon,4.975,0.535,0.182,0.454,0.183,0.043,2018,0
100,Bulgaria,4.933,1.054,0.712,0.359,0.064,0.009,2018,0
101,Nepal,4.88,0.425,0.539,0.526,0.302,0.078,2018,0
102,Venezuela,4.806,0.996,0.657,0.133,0.056,0.052,2018,0
103,Gabon,4.758,1.036,0.404,0.356,0.032,0.052,2018,0
104,Palestinian Territories,4.743,0.642,0.602,0.266,0.086,0.076,2018,0
105,South Africa,4.724,0.94,0.33,0.516,0.103,0.056,2018,0
106,Iran,4.707,1.059,0.691,0.459,0.282,0.129,2018,0
107,Ivory Coast,4.671,0.541,0.08,0.467,0.146,0.103,2018,0
108,Ghana,4.657,0.592,0.337,0.499,0.212,0.029,2018,0
109,Senegal,4.631,0.429,0.433,0.406,0.138,0.082,2018,0
110,Laos,4.623,0.72,0.441,0.626,0.23,0.174,2018,0
111,Tunisia,4.592,0.9,0.69,0.271,0.04,0.063,2018,0
112,Albania,4.586,0.916,0.79,0.419,0.149,0.032,2018,0
113,Sierra Leone,4.571,0.256,0,0.355,0.238,0.053,2018,0
114,Congo (Brazzaville),4.559,0.682,0.343,0.514,0.091,0.077,2018,0
115,Bangladesh,4.5,0.532,0.579,0.58,0.153,0.144,2018,0
116,Sri Lanka,4.471,0.918,0.672,0.585,0.307,0.05,2018,0
117,Iraq,4.456,1.01,0.536,0.304,0.148,0.095,2018,0
118,Mali,4.447,0.37,0.152,0.367,0.139,0.056,2018,0
119,Namibia,4.441,0.874,0.365,0.519,0.051,0.064,2018,0
120,Cambodia,4.433,0.549,0.457,0.696,0.256,0.065,2018,0
121,Burkina Faso,4.424,0.314,0.254,0.312,0.175,0.128,2018,0
122,Egypt,4.419,0.885,0.553,0.312,0.092,0.107,2018,0
123,Mozambique,4.417,0.198,0.173,0.531,0.206,0.158,2018,0
124,Kenya,4.41,0.493,0.454,0.504,0.352,0.055,2018,0
125,Zambia,4.377,0.562,0.295,0.503,0.221,0.082,2018,0
126,Mauritania,4.356,0.557,0.292,0.129,0.134,0.093,2018,0
127,Ethiopia,4.35,0.308,0.391,0.452,0.22,0.146,2018,0
128,Georgia,4.34,0.853,0.643,0.375,0.038,0.215,2018,0
129,Armenia,4.321,0.816,0.666,0.26,0.077,0.028,2018,0
130,Myanmar,4.308,0.682,0.429,0.58,0.598,0.178,2018,0
131,Chad,4.301,0.358,0.053,0.189,0.181,0.06,2018,0
132,Congo (Kinshasa),4.245,0.069,0.204,0.312,0.197,0.052,2018,0
133,India,4.19,0.721,0.485,0.539,0.172,0.093,2018,0
134,Niger,4.166,0.131,0.221,0.39,0.175,0.099,2018,0
135,Uganda,4.161,0.322,0.237,0.45,0.259,0.061,2018,0
136,Benin,4.141,0.378,0.24,0.44,0.163,0.067,2018,0
137,Sudan,4.139,0.605,0.312,0.016,0.134,0.082,2018,0
138,Ukraine,4.103,0.793,0.609,0.163,0.187,0.011,2018,0
139,Togo,3.999,0.259,0.253,0.434,0.158,0.101,2018,0
140,Guinea,3.964,0.344,0.211,0.394,0.185,0.094,2018,0
141,Lesotho,3.808,0.472,0.079,0.423,0.116,0.112,2018,0
142,Angola,3.795,0.73,0.269,0,0.079,0.061,2018,0
143,Madagascar,3.774,0.262,0.402,0.221,0.155,0.049,2018,0
144,Zimbabwe,3.692,0.357,0.248,0.406,0.132,0.099,2018,0
145,Afghanistan,3.632,0.332,0.255,0.085,0.191,0.036,2018,0
146,Botswana,3.59,1.017,0.417,0.557,0.042,0.092,2018,0
147,Malawi,3.587,0.186,0.306,0.531,0.21,0.08,2018,0
148,Haiti,3.582,0.315,0.289,0.025,0.392,0.104,2018,0
149,Liberia,3.495,0.076,0.267,0.419,0.206,0.03,2018,0
150,Syria,3.462,0.689,0.539,0.088,0.376,0.144,2018,0
151,Rwanda,3.408,0.332,0.4,0.636,0.2,0.444,2018,0
152,Yemen,3.355,0.442,0.343,0.244,0.083,0.064,2018,0
153,Tanzania,3.303,0.455,0.381,0.481,0.27,0.097,2018,0
154,South Sudan,3.254,0.337,0.177,0.112,0.224,0.106,2018,0
155,Central African Republic,3.083,0.024,0.01,0.305,0.218,0.038,2018,0
156,Burundi,2.905,0.091,0.145,0.065,0.149,0.076,2018,0
1,Norway,7.537000179,1.616463184,0.796666503,0.635422587,0.362012237,0.315963835,2017,1
2,Denmark,7.521999836,1.482383013,0.792565525,0.626006722,0.355280489,0.400770068,2017,1
3,Iceland,7.504000187,1.48063302,0.833552122,0.627162635,0.475540221,0.153526559,2017,1
4,Switzerland,7.493999958,1.564979553,0.858131289,0.620070577,0.290549278,0.367007285,2017,1
5,Finland,7.468999863,1.443571925,0.80915767,0.617950857,0.245482773,0.382611543,2017,1
6,Netherlands,7.376999855,1.503944635,0.810696125,0.585384488,0.47048983,0.282661825,2017,1
7,Canada,7.315999985,1.479204416,0.834557652,0.611100912,0.435539722,0.287371516,2017,1
8,New Zealand,7.31400013,1.405706048,0.816759706,0.61406213,0.500005126,0.382816702,2017,1
9,Sweden,7.28399992,1.494387269,0.830875158,0.612924099,0.385399252,0.384398729,2017,1
10,Australia,7.28399992,1.484414935,0.843886793,0.601607382,0.47769925,0.30118373,2017,1
11,Israel,7.212999821,1.375382423,0.838404,0.405988604,0.330082655,0.0852421,2017,1
12,Costa Rica,7.078999996,1.109706283,0.759509265,0.58013165,0.214613229,0.100106589,2017,1
13,Austria,7.006000042,1.487097263,0.815328419,0.56776619,0.316472322,0.221060365,2017,1
14,United States,6.993000031,1.546259284,0.774286628,0.505740523,0.392578781,0.135638788,2017,1
15,Ireland,6.977000237,1.535706639,0.809782624,0.573110342,0.427858323,0.298388153,2017,1
16,Germany,6.951000214,1.487923384,0.798950732,0.562511384,0.33626917,0.276731938,2017,1
17,Belgium,6.890999794,1.463780761,0.818091869,0.539770722,0.231503338,0.251343131,2017,1
18,Luxembourg,6.862999916,1.741943598,0.845089495,0.596627891,0.283180982,0.318834424,2017,1
19,United Kingdom,6.714000225,1.44163394,0.805335939,0.508190036,0.492774159,0.265428066,2017,1
20,Chile,6.65199995,1.25278461,0.819479704,0.376895279,0.326662421,0.082287982,2017,1
21,United Arab Emirates,6.647999763,1.626343369,0.726798236,0.60834527,0.360941947,0.324489564,2017,1
22,Brazil,6.635000229,1.10735321,0.616552353,0.437453747,0.162349895,0.111092761,2017,1
23,Czech Republic,6.609000206,1.352682352,0.754444003,0.490946174,0.088106759,0.036872927,2017,1
24,Argentina,6.598999977,1.185295463,0.695137084,0.494519204,0.109457061,0.059739888,2017,1
25,Mexico,6.578000069,1.153183818,0.709978998,0.412730008,0.120990433,0.132774115,2017,1
26,Singapore,6.572000027,1.69227767,0.949492395,0.549840569,0.345965981,0.464307785,2017,1
27,Malta,6.52699995,1.343279839,0.821944237,0.588767052,0.574730575,0.153066069,2017,1
28,Uruguay,6.453999996,1.217559695,0.719216824,0.579392254,0.175096929,0.178061873,2017,1
29,Guatemala,6.453999996,0.872001946,0.54023999,0.531310618,0.283488393,0.077223279,2017,1
30,Panama,6.452000141,1.233748436,0.706156135,0.550026834,0.210556939,0.070983924,2017,1
31,France,6.441999912,1.430923462,0.844465852,0.470222116,0.129762307,0.172502428,2017,1
32,Thailand,6.423999786,1.127868772,0.647239029,0.580200732,0.57212311,0.031612735,2017,1
33,Taiwan Province of China,6.421999931,1.433626533,0.793984234,0.361466587,0.258360475,0.063829236,2017,1
34,Spain,6.402999878,1.384397864,0.8889606,0.40878123,0.190133572,0.070914097,2017,1
35,Qatar,6.375,1.870765686,0.710098088,0.604130983,0.33047387,0.439299256,2017,1
36,Colombia,6.356999874,1.070622325,0.595027924,0.477487415,0.149014473,0.046668742,2017,1
37,Saudi Arabia,6.343999863,1.530623555,0.59014833,0.449750572,0.147616014,0.273432255,2017,1
38,Trinidad and Tobago,6.168000221,1.361355901,0.519983292,0.518630743,0.325296462,0.008964816,2017,1
39,Kuwait,6.105000019,1.632952452,0.632105708,0.496337593,0.228289798,0.21515955,2017,1
40,Slovakia,6.09800005,1.325393558,0.712732911,0.295817465,0.136544481,0.024210852,2017,1
41,Bahrain,6.086999893,1.488412261,0.653133035,0.536746919,0.172668487,0.25704217,2017,1
42,Malaysia,6.084000111,1.29121542,0.618784428,0.402264982,0.41660893,0.065600708,2017,1
43,Nicaragua,6.071000099,0.737299204,0.653095961,0.447551847,0.301674217,0.130687982,2017,1
44,Ecuador,6.007999897,1.000820398,0.685636222,0.455198199,0.150112465,0.140134647,2017,1
45,El Salvador,6.002999783,0.909784496,0.596018553,0.43245253,0.078257985,0.08998096,2017,1
46,Poland,5.97300005,1.291787863,0.699475348,0.520342112,0.158465967,0.059307806,2017,1
47,Uzbekistan,5.971000195,0.786441088,0.498272628,0.658248663,0.415983647,0.246528223,2017,1
48,Italy,5.964000225,1.395066619,0.853144348,0.256450713,0.172789648,0.028028091,2017,1
49,Russia,5.962999821,1.281778097,0.547349334,0.373783112,0.052263822,0.032962881,2017,1
50,Belize,5.955999851,0.907975316,0.450191766,0.547509372,0.240015641,0.096581072,2017,1
51,Japan,5.920000076,1.416915178,0.913475871,0.505625546,0.120572768,0.163760737,2017,1
52,Lithuania,5.90199995,1.314582348,0.62894994,0.234231785,0.010164657,0.011865643,2017,1
53,Algeria,5.872000217,1.091864467,0.617584646,0.233335808,0.069436647,0.14609611,2017,1
54,Latvia,5.849999905,1.260748625,0.638566971,0.325707912,0.153074786,0.073842727,2017,1
55,South Korea,5.837999821,1.401678443,0.900214076,0.257921666,0.206674367,0.063282669,2017,1
56,Moldova,5.837999821,0.72887063,0.589465201,0.240729049,0.208779126,0.010091286,2017,1
57,Romania,5.824999809,1.217683911,0.685158312,0.457003742,0.133519918,0.004387901,2017,1
58,Bolivia,5.822999954,0.833756566,0.47363025,0.558732927,0.225560725,0.060477726,2017,1
59,Turkmenistan,5.822000027,1.130776763,0.43772608,0.418271929,0.249924988,0.25927034,2017,1
60,Kazakhstan,5.818999767,1.28455627,0.606041551,0.437454283,0.201964423,0.119282886,2017,1
61,North Cyprus,5.809999943,1.346911311,0.834647238,0.471203625,0.266845703,0.155353352,2017,1
62,Slovenia,5.757999897,1.341205955,0.790828228,0.572575808,0.242649093,0.045128979,2017,1
63,Peru,5.715000153,1.035225272,0.630166113,0.450002879,0.126819715,0.047049087,2017,1
64,Mauritius,5.629000187,1.189395547,0.638007462,0.491247326,0.360933751,0.042181555,2017,1
65,Cyprus,5.620999813,1.355938077,0.844714701,0.355111539,0.271254301,0.041237976,2017,1
66,Estonia,5.611000061,1.32087934,0.695168316,0.47913143,0.098890811,0.183248922,2017,1
67,Belarus,5.568999767,1.15655756,0.637714267,0.295400262,0.155137509,0.156313822,2017,1
68,Libya,5.525000095,1.101803064,0.52016902,0.46573323,0.152073666,0.09261021,2017,1
69,Turkey,5.5,1.198274374,0.637605608,0.3007406,0.046693042,0.09967158,2017,1
70,Paraguay,5.493000031,0.932537317,0.579250693,0.473507792,0.224150658,0.091065913,2017,1
71,"Hong Kong S.A.R., China",5.472000122,1.551674843,0.943062425,0.490968645,0.374465793,0.293933749,2017,1
72,Philippines,5.429999828,0.857699215,0.468009055,0.585214674,0.193513423,0.099331893,2017,1
73,Serbia,5.394999981,1.069317579,0.650784671,0.208715528,0.220125884,0.040903781,2017,1
74,Jordan,5.335999966,0.991012394,0.604590058,0.418421149,0.17217046,0.119803272,2017,1
75,Hungary,5.323999882,1.286011934,0.687763453,0.175863519,0.078401662,0.036636937,2017,1
76,Jamaica,5.31099987,0.925579309,0.641022384,0.474307239,0.233818337,0.055267781,2017,1
77,Croatia,5.293000221,1.222556233,0.701288521,0.255772293,0.248002976,0.04310311,2017,1
78,Kosovo,5.278999805,0.951484382,0.54145205,0.260287941,0.319931448,0.057471618,2017,1
79,China,5.272999763,1.081165791,0.741415501,0.472787708,0.028806841,0.022794275,2017,1
80,Pakistan,5.269000053,0.726883531,0.402047783,0.235215262,0.315446019,0.124348067,2017,1
81,Indonesia,5.262000084,0.995538592,0.492345721,0.443323463,0.611704588,0.015317135,2017,1
82,Venezuela,5.25,1.128431201,0.617144227,0.153997123,0.06501963,0.064491123,2017,1
83,Montenegro,5.236999989,1.121129036,0.667464674,0.194989055,0.197911024,0.088174194,2017,1
84,Morocco,5.235000134,0.878114581,0.597710669,0.408158332,0.032209955,0.087763183,2017,1
85,Azerbaijan,5.234000206,1.153601766,0.540775776,0.398155838,0.04526934,0.180987507,2017,1
86,Dominican Republic,5.230000019,1.079373837,0.574873745,0.552589834,0.18696785,0.113945253,2017,1
87,Greece,5.227000237,1.289487481,0.810198903,0.095731251,0,0.043289777,2017,1
88,Lebanon,5.224999905,1.074987531,0.735081077,0.288515985,0.264450759,0.03751383,2017,1
89,Portugal,5.195000172,1.315175295,0.795843542,0.4984653,0.095102713,0.015869452,2017,1
90,Bosnia and Herzegovina,5.18200016,0.982409418,0.705186307,0.204403177,0.328867495,0,2017,1
91,Honduras,5.181000233,0.730573118,0.58256948,0.34807986,0.236188874,0.073345453,2017,1
92,Macedonia,5.175000191,1.064577937,0.644948184,0.325905979,0.253760964,0.060277794,2017,1
93,Somalia,5.151000023,0.022643184,0.113989137,0.602126956,0.291631311,0.282410324,2017,1
94,Vietnam,5.073999882,0.788547575,0.652168989,0.571055591,0.234968051,0.087633237,2017,1
95,Nigeria,5.073999882,0.783756256,0.05691573,0.394952565,0.230947196,0.026121566,2017,1
96,Tajikistan,5.040999889,0.524713635,0.529235125,0.471566707,0.248997644,0.146377146,2017,1
97,Bhutan,5.011000156,0.885416389,0.495879292,0.501537681,0.474054545,0.17338039,2017,1
98,Kyrgyzstan,5.004000187,0.596220076,0.553457797,0.454943389,0.428580374,0.039439179,2017,1
99,Nepal,4.961999893,0.479820192,0.504130781,0.440305948,0.394096166,0.072975546,2017,0
100,Mongolia,4.954999924,1.027235866,0.557783484,0.394143969,0.33846423,0.032902289,2017,0
101,South Africa,4.828999996,1.054698706,0.18708007,0.479246736,0.13936238,0.072509497,2017,0
102,Tunisia,4.804999828,1.007265806,0.613212049,0.28968069,0.049693357,0.086723149,2017,0
103,Palestinian Territories,4.775000095,0.716249228,0.565666974,0.254711062,0.114173174,0.089282602,2017,0
104,Egypt,4.735000134,0.989701807,0.520187259,0.282110155,0.128631443,0.114381365,2017,0
105,Bulgaria,4.714000225,1.161459088,0.70821768,0.289231718,0.113177694,0.011051531,2017,0
106,Sierra Leone,4.709000111,0.368420929,0.005564754,0.318697691,0.293040901,0.071095176,2017,0
107,Cameroon,4.695000172,0.564305365,0.132892117,0.430388749,0.236298457,0.051306631,2017,0
108,Iran,4.691999912,1.156873107,0.639333189,0.249322608,0.387242913,0.048761073,2017,0
109,Albania,4.644000053,0.996192753,0.731159747,0.381498635,0.201312944,0.039864216,2017,0
110,Bangladesh,4.607999802,0.586682975,0.533241034,0.478356659,0.172255352,0.123717859,2017,0
111,Namibia,4.573999882,0.964434326,0.338611811,0.520303547,0.077133745,0.093146972,2017,0
112,Kenya,4.552999973,0.560479462,0.30998835,0.452763766,0.444860309,0.064641319,2017,0
113,Mozambique,4.550000191,0.23430565,0.106654435,0.480791092,0.322228104,0.179436386,2017,0
114,Myanmar,4.545000076,0.36711055,0.397522569,0.514492035,0.838075161,0.188816205,2017,0
115,Senegal,4.534999847,0.479309022,0.409362853,0.377922267,0.183468893,0.115460448,2017,0
116,Zambia,4.513999939,0.636406779,0.257835895,0.461603492,0.249580145,0.07821355,2017,0
117,Iraq,4.497000217,1.102710485,0.50118047,0.288555533,0.199637264,0.107215755,2017,0
118,Gabon,4.465000153,1.198210239,0.356578588,0.312328577,0.043785378,0.076046787,2017,0
119,Ethiopia,4.460000038,0.339233845,0.353409708,0.408842742,0.31265074,0.165455714,2017,0
120,Sri Lanka,4.440000057,1.009850144,0.625130832,0.561213255,0.490863562,0.073653966,2017,0
121,Armenia,4.375999928,0.900596738,0.637524426,0.198303267,0.083488092,0.026674422,2017,0
122,India,4.315000057,0.792221248,0.455427617,0.469987005,0.231538489,0.092226885,2017,0
123,Mauritania,4.291999817,0.648457289,0.28534928,0.096098043,0.201870024,0.136957005,2017,0
124,Congo (Brazzaville),4.290999889,0.808964252,0.289957434,0.435025871,0.120852128,0.079618134,2017,0
125,Georgia,4.285999775,0.950612664,0.649546981,0.309410036,0.054008815,0.251666635,2017,0
126,Congo (Kinshasa),4.28000021,0.092102349,0.191407025,0.235961348,0.246455833,0.060241356,2017,0
127,Mali,4.190000057,0.476180494,0.169365674,0.306613743,0.183354199,0.104970247,2017,0
128,Ivory Coast,4.179999828,0.603048921,0.04864217,0.447706193,0.20123747,0.130061775,2017,0
129,Cambodia,4.168000221,0.601765096,0.429783404,0.633375823,0.385922968,0.068105951,2017,0
130,Sudan,4.138999939,0.659516692,0.290920824,0.014995855,0.182317451,0.08984752,2017,0
131,Ghana,4.119999886,0.667224824,0.295637727,0.423026294,0.256923944,0.02533637,2017,0
132,Ukraine,4.096000195,0.894651949,0.575903952,0.122974776,0.270061463,0.023029471,2017,0
133,Uganda,4.080999851,0.381430715,0.217632607,0.443185955,0.325766057,0.057069719,2017,0
134,Burkina Faso,4.032000065,0.350227714,0.215844259,0.324367851,0.250864685,0.120328106,2017,0
135,Niger,4.027999878,0.161925331,0.268505007,0.363658696,0.228673846,0.138572946,2017,0
136,Malawi,3.970000029,0.233442038,0.315089583,0.466914654,0.28717047,0.072711654,2017,0
137,Chad,3.936000109,0.438012987,0.041134715,0.162342027,0.21611385,0.053581882,2017,0
138,Zimbabwe,3.875,0.375846535,0.196763754,0.336384207,0.189143494,0.095375381,2017,0
139,Lesotho,3.808000088,0.521021247,0,0.390661299,0.157497272,0.11909464,2017,0
140,Angola,3.795000076,0.85842818,0.049868666,0,0.09792649,0.069720335,2017,0
141,Afghanistan,3.79399991,0.401477218,0.180746779,0.10617952,0.311870933,0.06115783,2017,0
142,Botswana,3.766000032,1.122094154,0.341755509,0.505196333,0.099348448,0.098583199,2017,0
143,Benin,3.657000065,0.431085408,0.209930211,0.425962776,0.207948461,0.060929015,2017,0
144,Madagascar,3.644000053,0.305808693,0.375223309,0.189196765,0.20873253,0.067231975,2017,0
145,Haiti,3.602999926,0.368610263,0.27732113,0.030369857,0.489203781,0.09987215,2017,0
146,Yemen,3.592999935,0.591683447,0.310080916,0.249463722,0.104125209,0.056767423,2017,0
147,South Sudan,3.59100008,0.397248626,0.163486004,0.147062436,0.285670817,0.116793513,2017,0
148,Liberia,3.532999992,0.119041793,0.229918197,0.332881182,0.266549885,0.038948249,2017,0
149,Guinea,3.506999969,0.24454993,0.194129139,0.348587513,0.264815092,0.110937618,2017,0
150,Togo,3.494999886,0.305444717,0.247105569,0.380426139,0.196896151,0.095665015,2017,0
151,Rwanda,3.470999956,0.368745893,0.326424807,0.581843853,0.252756029,0.455220014,2017,0
152,Syria,3.461999893,0.777153134,0.500533342,0.081539445,0.493663728,0.151347131,2017,0
153,Tanzania,3.348999977,0.511135876,0.364509284,0.390017778,0.354256362,0.066035107,2017,0
154,Burundi,2.904999971,0.091622569,0.151610792,0.059900753,0.204435185,0.084147945,2017,0
155,Central African Republic,2.693000078,0,0.018772686,0.270842046,0.280876487,0.056565076,2017,0
1,Denmark,7.526,1.44178,0.79504,0.57941,0.36171,0.44453,2016,1
2,Switzerland,7.509,1.52733,0.86303,0.58557,0.28083,0.41203,2016,1
3,Iceland,7.501,1.42666,0.86733,0.56624,0.47678,0.14975,2016,1
4,Norway,7.498,1.57744,0.79579,0.59609,0.37895,0.35776,2016,1
5,Finland,7.413,1.40598,0.81091,0.57104,0.25492,0.41004,2016,1
6,Canada,7.404,1.44015,0.8276,0.5737,0.44834,0.31329,2016,1
7,Netherlands,7.339,1.46468,0.81231,0.55211,0.47416,0.29927,2016,1
8,New Zealand,7.334,1.36066,0.83096,0.58147,0.49401,0.41904,2016,1
9,Australia,7.313,1.44443,0.8512,0.56837,0.47407,0.32331,2016,1
10,Sweden,7.291,1.45181,0.83121,0.58218,0.38254,0.40867,2016,1
11,Israel,7.267,1.33766,0.84917,0.36432,0.32288,0.08728,2016,1
12,Austria,7.119,1.45038,0.80565,0.54355,0.32865,0.21348,2016,1
13,United States,7.104,1.50796,0.779,0.48163,0.41077,0.14868,2016,1
14,Costa Rica,7.087,1.06879,0.76146,0.55225,0.22553,0.10547,2016,1
15,Puerto Rico,7.039,1.35943,0.77758,0.46823,0.22202,0.12275,2016,1
16,Germany,6.994,1.44787,0.81487,0.53466,0.30452,0.28551,2016,1
17,Brazil,6.952,1.08754,0.61415,0.40425,0.15776,0.14166,2016,1
18,Belgium,6.929,1.42539,0.81959,0.51354,0.2424,0.26248,2016,1
19,Ireland,6.907,1.48341,0.81455,0.54008,0.44963,0.29754,2016,1
20,Luxembourg,6.871,1.69752,0.84542,0.5487,0.27571,0.35329,2016,1
21,Mexico,6.778,1.11508,0.71143,0.37709,0.11735,0.18355,2016,1
22,Singapore,6.739,1.64555,0.94719,0.4877,0.32706,0.46987,2016,1
23,United Kingdom,6.725,1.40283,0.80991,0.50036,0.50156,0.27399,2016,1
24,Chile,6.705,1.2167,0.81883,0.37789,0.31595,0.11451,2016,1
25,Panama,6.701,1.18306,0.70835,0.48927,0.2418,0.08423,2016,1
26,Argentina,6.65,1.15137,0.69711,0.42284,0.10989,0.07296,2016,1
27,Czech Republic,6.596,1.30915,0.76376,0.41418,0.09929,0.03986,2016,1
28,United Arab Emirates,6.573,1.57352,0.72993,0.56215,0.26591,0.35561,2016,1
29,Uruguay,6.545,1.18157,0.72183,0.54388,0.18056,0.21394,2016,1
30,Malta,6.488,1.30782,0.80315,0.54994,0.56237,0.17554,2016,1
31,Colombia,6.481,1.03032,0.59659,0.44735,0.15626,0.05399,2016,1
32,France,6.478,1.39488,0.83795,0.46562,0.1216,0.17808,2016,1
33,Thailand,6.474,1.0893,0.64915,0.49553,0.58696,0.02833,2016,1
34,Saudi Arabia,6.379,1.48953,0.59267,0.37904,0.15457,0.30008,2016,1
34,Taiwan,6.379,1.39729,0.79565,0.32377,0.25495,0.0663,2016,1
36,Qatar,6.375,1.82427,0.71723,0.56679,0.32388,0.48049,2016,1
37,Spain,6.361,1.34253,0.87896,0.37545,0.17665,0.06137,2016,1
38,Algeria,6.355,1.05266,0.61804,0.21006,0.07044,0.16157,2016,1
39,Guatemala,6.324,0.83454,0.54039,0.50379,0.28808,0.08701,2016,1
40,Suriname,6.269,1.09686,0.50933,0.52234,0.16665,0.12692,2016,1
41,Kuwait,6.239,1.61714,0.63569,0.43166,0.15965,0.23669,2016,1
42,Bahrain,6.218,1.44024,0.65696,0.47375,0.17147,0.25772,2016,1
43,Trinidad and Tobago,6.168,1.32572,0.52608,0.48453,0.31935,0.01241,2016,1
44,Venezuela,6.084,1.13367,0.61904,0.19847,0.0425,0.08304,2016,1
45,Slovakia,6.078,1.27973,0.70367,0.23391,0.13837,0.02947,2016,1
46,El Salvador,6.068,0.8737,0.596,0.37269,0.08877,0.10613,2016,1
47,Malaysia,6.005,1.25142,0.62366,0.39031,0.41474,0.09081,2016,1
48,Nicaragua,5.992,0.69384,0.65213,0.46582,0.29773,0.16292,2016,1
49,Uzbekistan,5.987,0.73591,0.50163,0.60848,0.34326,0.28333,2016,1
50,Italy,5.977,1.35495,0.85102,0.18827,0.16684,0.02556,2016,1
51,Ecuador,5.976,0.97306,0.68613,0.4027,0.10074,0.18037,2016,1
52,Belize,5.956,0.87616,0.45569,0.51231,0.23684,0.10771,2016,1
53,Japan,5.921,1.38007,0.91491,0.46761,0.10224,0.18985,2016,1
54,Kazakhstan,5.919,1.22943,0.57386,0.4052,0.15011,0.11132,2016,1
55,Moldova,5.897,0.69177,0.52309,0.25202,0.19997,0.01903,2016,1
56,Russia,5.856,1.23228,0.58991,0.32682,0.02736,0.03586,2016,1
57,Poland,5.835,1.24585,0.69058,0.4519,0.14443,0.055,2016,1
57,South Korea,5.835,1.35948,0.88645,0.25168,0.18824,0.07716,2016,1
59,Bolivia,5.822,0.79422,0.4697,0.50961,0.21698,0.07746,2016,1
60,Lithuania,5.813,1.2692,0.64674,0.18929,0.02025,0.0182,2016,1
61,Belarus,5.802,1.13062,0.63104,0.29091,0.13942,0.17457,2016,1
62,North Cyprus,5.771,1.31141,0.84142,0.43596,0.26322,0.16578,2016,1
63,Slovenia,5.768,1.29947,0.79151,0.53164,0.25738,0.03635,2016,1
64,Peru,5.743,0.99602,0.62994,0.37502,0.14527,0.05292,2016,1
65,Turkmenistan,5.658,1.08017,0.44006,0.37408,0.22567,0.28467,2016,1
66,Mauritius,5.648,1.14372,0.66189,0.46145,0.36951,0.05203,2016,1
67,Libya,5.615,1.06688,0.52304,0.40672,0.17087,0.10339,2016,1
68,Latvia,5.56,1.21788,0.63952,0.27996,0.17445,0.0889,2016,1
69,Cyprus,5.546,1.31857,0.8488,0.29507,0.27906,0.05228,2016,1
70,Paraguay,5.538,0.89373,0.58295,0.46235,0.25296,0.07396,2016,1
71,Romania,5.528,1.1697,0.67602,0.36712,0.12889,0.00679,2016,1
72,Estonia,5.517,1.27964,0.68098,0.41511,0.08423,0.18519,2016,1
73,Jamaica,5.51,0.89333,0.59469,0.43597,0.22245,0.04294,2016,1
74,Croatia,5.488,1.18649,0.70524,0.23907,0.18434,0.04002,2016,1
75,Hong Kong,5.458,1.5107,0.95277,0.48079,0.40097,0.31647,2016,1
76,Somalia,5.44,0,0.11466,0.56778,0.27225,0.3118,2016,1
77,Kosovo,5.401,0.90145,0.54,0.14396,0.27992,0.06547,2016,1
78,Turkey,5.389,1.16492,0.64718,0.23889,0.04707,0.12348,2016,1
79,Indonesia,5.314,0.95104,0.49374,0.39237,0.56521,0.00322,2016,1
80,Jordan,5.303,0.99673,0.60712,0.36023,0.14262,0.13297,2016,1
81,Azerbaijan,5.291,1.12373,0.54504,0.35327,0.0564,0.17914,2016,1
82,Philippines,5.279,0.81217,0.47036,0.54854,0.21674,0.11757,2016,1
83,China,5.245,1.0278,0.73561,0.44012,0.04959,0.02745,2016,1
84,Bhutan,5.196,0.8527,0.49759,0.46074,0.48546,0.1616,2016,1
85,Kyrgyzstan,5.185,0.56044,0.55449,0.40212,0.38432,0.04762,2016,1
86,Serbia,5.177,1.03437,0.6458,0.15718,0.20737,0.04339,2016,1
87,Bosnia and Herzegovina,5.163,0.93383,0.70766,0.09511,0.29889,0,2016,1
88,Montenegro,5.161,1.07838,0.63533,0.15111,0.17191,0.12721,2016,1
89,Dominican Republic,5.155,1.02787,0.57669,0.52259,0.21286,0.12372,2016,1
90,Morocco,5.151,0.84058,0.59471,0.25646,0.04053,0.08404,2016,1
91,Hungary,5.145,1.24142,0.67608,0.1977,0.099,0.04472,2016,1
92,Pakistan,5.132,0.68816,0.40306,0.14622,0.31185,0.1388,2016,1
93,Lebanon,5.129,1.12268,0.76171,0.26228,0.23693,0.03061,2016,1
94,Portugal,5.123,1.27607,0.79363,0.44727,0.11691,0.01521,2016,1
95,Macedonia,5.121,1.0193,0.64738,0.27668,0.23507,0.07047,2016,1
96,Vietnam,5.061,0.74037,0.66157,0.55954,0.25075,0.11556,2016,1
97,Somaliland Region,5.057,0.25558,0.33108,0.3913,0.51479,0.36794,2016,1
98,Tunisia,5.045,0.97724,0.59577,0.23553,0.03936,0.0817,2016,1
99,Greece,5.033,1.24886,0.80029,0.05822,0,0.04127,2016,1
100,Tajikistan,4.996,0.48835,0.53119,0.43408,0.25998,0.13509,2016,0
101,Mongolia,4.907,0.98853,0.55469,0.35972,0.34539,0.03285,2016,0
102,Laos,4.876,0.68042,0.38291,0.52168,0.43079,0.22423,2016,0
103,Nigeria,4.875,0.75216,0.05108,0.27854,0.23219,0.0305,2016,0
104,Honduras,4.871,0.69429,0.58383,0.26755,0.2044,0.06906,2016,0
105,Iran,4.813,1.11758,0.64232,0.22544,0.38538,0.0557,2016,0
106,Zambia,4.795,0.61202,0.23573,0.42662,0.17866,0.11479,2016,0
107,Nepal,4.793,0.44626,0.50073,0.37012,0.3816,0.07008,2016,0
108,Palestinian Territories,4.754,0.67024,0.56844,0.17744,0.11154,0.10613,2016,0
109,Albania,4.655,0.9553,0.73007,0.31866,0.1684,0.05301,2016,0
110,Bangladesh,4.643,0.54177,0.52989,0.39778,0.19132,0.12583,2016,0
111,Sierra Leone,4.635,0.36485,0,0.30685,0.23897,0.08196,2016,0
112,Iraq,4.575,1.07474,0.51076,0.24856,0.19589,0.13636,2016,0
113,Namibia,4.574,0.93287,0.34745,0.48614,0.07795,0.10398,2016,0
114,Cameroon,4.513,0.52497,0.12698,0.42736,0.2268,0.06126,2016,0
115,Ethiopia,4.508,0.29283,0.34578,0.36703,0.29522,0.1717,2016,0
116,South Africa,4.459,1.02416,0.18611,0.42483,0.13656,0.08415,2016,0
117,Sri Lanka,4.415,0.97318,0.62007,0.50817,0.46978,0.07964,2016,0
118,India,4.404,0.74036,0.45091,0.40285,0.25028,0.08722,2016,0
119,Myanmar,4.395,0.34112,0.3988,0.42692,0.81971,0.20243,2016,0
120,Egypt,4.362,0.95395,0.52116,0.18847,0.12706,0.10393,2016,0
121,Armenia,4.36,0.86086,0.64083,0.14037,0.07793,0.03616,2016,0
122,Kenya,4.356,0.52267,0.30147,0.40576,0.41328,0.06686,2016,0
123,Ukraine,4.324,0.87287,0.58628,0.12859,0.20363,0.01829,2016,0
124,Ghana,4.276,0.63107,0.29681,0.40973,0.21203,0.0326,2016,0
125,Congo (Kinshasa),4.272,0.05661,0.188,0.15602,0.25458,0.06075,2016,0
126,Georgia,4.252,0.83792,0.64035,0.32461,0.06786,0.3188,2016,0
127,Congo (Brazzaville),4.236,0.77109,0.28212,0.37938,0.12077,0.09753,2016,0
128,Senegal,4.219,0.44314,0.40457,0.31056,0.19103,0.11681,2016,0
129,Bulgaria,4.217,1.11306,0.67806,0.21219,0.12793,0.00615,2016,0
130,Mauritania,4.201,0.61391,0.28639,0.1268,0.22686,0.17955,2016,0
131,Zimbabwe,4.193,0.35041,0.1595,0.25429,0.18503,0.08582,2016,0
132,Malawi,4.156,0.08709,0.29364,0.4143,0.30968,0.07564,2016,0
133,Sudan,4.139,0.63069,0.29759,0,0.18077,0.10039,2016,0
134,Gabon,4.121,1.15851,0.3494,0.28098,0.06244,0.09314,2016,0
135,Mali,4.073,0.31292,0.16347,0.27544,0.21064,0.13647,2016,0
136,Haiti,4.028,0.34097,0.27494,0.12072,0.47958,0.14476,2016,0
137,Botswana,3.974,1.09426,0.34752,0.44089,0.12425,0.10769,2016,0
138,Comoros,3.956,0.27509,0.29981,0.15412,0.1827,0.18437,2016,0
139,Ivory Coast,3.916,0.55507,0.04476,0.40663,0.20338,0.1553,2016,0
140,Cambodia,3.907,0.55604,0.42494,0.58852,0.40339,0.08092,2016,0
141,Angola,3.866,0.84731,0.04991,0.00589,0.12071,0.08434,2016,0
142,Niger,3.856,0.1327,0.26162,0.38041,0.2097,0.17176,2016,0
143,South Sudan,3.832,0.39394,0.15781,0.19662,0.25899,0.13015,2016,0
144,Chad,3.763,0.42214,0.03824,0.12807,0.18667,0.04952,2016,0
145,Burkina Faso,3.739,0.31995,0.21297,0.3337,0.24353,0.12533,2016,0
145,Uganda,3.739,0.34719,0.19625,0.43653,0.27102,0.06442,2016,0
147,Yemen,3.724,0.57939,0.31048,0.2287,0.09821,0.05892,2016,0
148,Madagascar,3.695,0.27954,0.37109,0.13684,0.2204,0.07506,2016,0
149,Tanzania,3.666,0.47155,0.357,0.3176,0.31472,0.05099,2016,0
150,Liberia,3.622,0.10706,0.23165,0.25748,0.24063,0.04852,2016,0
151,Guinea,3.607,0.22415,0.18829,0.30953,0.29914,0.1192,2016,0
152,Rwanda,3.515,0.32846,0.31865,0.5432,0.23552,0.50521,2016,0
153,Benin,3.484,0.39499,0.21028,0.39747,0.2018,0.06681,2016,0
154,Afghanistan,3.36,0.38227,0.17344,0.1643,0.31268,0.07112,2016,0
155,Togo,3.303,0.28123,0.24811,0.34678,0.17517,0.11587,2016,0
156,Syria,3.069,0.74719,0.62994,0.06912,0.48397,0.17233,2016,0
157,Burundi,2.905,0.06831,0.15747,0.0432,0.2029,0.09419,2016,0
1,Switzerland,7.587,1.39651,0.94143,0.66557,0.29678,0.41978,2015,1
2,Iceland,7.561,1.30232,0.94784,0.62877,0.4363,0.14145,2015,1
3,Denmark,7.527,1.32548,0.87464,0.64938,0.34139,0.48357,2015,1
4,Norway,7.522,1.459,0.88521,0.66973,0.34699,0.36503,2015,1
5,Canada,7.427,1.32629,0.90563,0.63297,0.45811,0.32957,2015,1
6,Finland,7.406,1.29025,0.88911,0.64169,0.23351,0.41372,2015,1
7,Netherlands,7.378,1.32944,0.89284,0.61576,0.4761,0.31814,2015,1
8,Sweden,7.364,1.33171,0.91087,0.6598,0.36262,0.43844,2015,1
9,New Zealand,7.286,1.25018,0.90837,0.63938,0.47501,0.42922,2015,1
10,Australia,7.284,1.33358,0.93156,0.65124,0.43562,0.35637,2015,1
11,Israel,7.278,1.22857,0.91387,0.41319,0.33172,0.07785,2015,1
12,Costa Rica,7.226,0.95578,0.86027,0.63376,0.25497,0.10583,2015,1
13,Austria,7.2,1.33723,0.89042,0.62433,0.33088,0.18676,2015,1
14,Mexico,7.187,1.02054,0.81444,0.48181,0.14074,0.21312,2015,1
15,United States,7.119,1.39451,0.86179,0.54604,0.40105,0.1589,2015,1
16,Brazil,6.983,0.98124,0.69702,0.49049,0.14574,0.17521,2015,1
17,Luxembourg,6.946,1.56391,0.91894,0.61583,0.28034,0.37798,2015,1
18,Ireland,6.94,1.33596,0.89533,0.61777,0.45901,0.28703,2015,1
19,Belgium,6.937,1.30782,0.89667,0.5845,0.2225,0.2254,2015,1
20,United Arab Emirates,6.901,1.42727,0.80925,0.64157,0.26428,0.38583,2015,1
21,United Kingdom,6.867,1.26637,0.90943,0.59625,0.51912,0.32067,2015,1
22,Oman,6.853,1.36011,0.76276,0.63274,0.21542,0.32524,2015,1
23,Venezuela,6.81,1.04424,0.72052,0.42908,0.05841,0.11069,2015,1
24,Singapore,6.798,1.52186,1.02525,0.54252,0.31105,0.4921,2015,1
25,Panama,6.786,1.06353,0.79661,0.5421,0.24434,0.0927,2015,1
26,Germany,6.75,1.32792,0.89186,0.61477,0.28214,0.21843,2015,1
27,Chile,6.67,1.10715,0.85857,0.44132,0.33363,0.12869,2015,1
28,Qatar,6.611,1.69042,0.79733,0.6404,0.32573,0.52208,2015,1
29,France,6.575,1.27778,0.94579,0.55011,0.12332,0.20646,2015,1
30,Argentina,6.574,1.05351,0.78723,0.44974,0.11451,0.08484,2015,1
31,Czech Republic,6.505,1.17898,0.84483,0.46364,0.10686,0.02652,2015,1
32,Uruguay,6.485,1.06166,0.8116,0.60362,0.2324,0.24558,2015,1
33,Colombia,6.477,0.91861,0.69077,0.53466,0.18401,0.0512,2015,1
34,Thailand,6.455,0.9669,0.7385,0.55664,0.5763,0.03187,2015,1
35,Saudi Arabia,6.411,1.39541,0.72025,0.31048,0.13706,0.32524,2015,1
36,Spain,6.329,1.23011,0.95562,0.45951,0.18227,0.06398,2015,1
37,Malta,6.302,1.2074,0.88721,0.60365,0.51752,0.13586,2015,1
38,Taiwan,6.298,1.29098,0.8753,0.3974,0.25376,0.08129,2015,1
39,Kuwait,6.295,1.55422,0.72492,0.55499,0.16228,0.25609,2015,1
40,Suriname,6.269,0.99534,0.6082,0.59657,0.16991,0.13633,2015,1
41,Trinidad and Tobago,6.168,1.21183,0.61483,0.55884,0.31844,0.0114,2015,1
42,El Salvador,6.13,0.76454,0.67737,0.4035,0.10692,0.11776,2015,1
43,Guatemala,6.123,0.74553,0.64425,0.57733,0.27489,0.09472,2015,1
44,Uzbekistan,6.003,0.63244,0.59772,0.65821,0.22837,0.30826,2015,1
45,Slovakia,5.995,1.16891,0.78902,0.31751,0.16893,0.03431,2015,1
46,Japan,5.987,1.27074,0.99111,0.49615,0.10705,0.1806,2015,1
47,South Korea,5.984,1.24461,0.96538,0.33208,0.18557,0.07857,2015,1
48,Ecuador,5.975,0.86402,0.79075,0.48574,0.11541,0.1809,2015,1
49,Bahrain,5.96,1.32376,0.74716,0.45492,0.17362,0.306,2015,1
50,Italy,5.948,1.25114,0.95446,0.26236,0.22823,0.02901,2015,1
51,Bolivia,5.89,0.68133,0.5392,0.57414,0.20536,0.088,2015,1
52,Moldova,5.889,0.59448,0.61826,0.32818,0.20951,0.01615,2015,1
53,Paraguay,5.878,0.75985,0.66098,0.53899,0.3424,0.08242,2015,1
54,Kazakhstan,5.855,1.12254,0.64368,0.51649,0.11827,0.08454,2015,1
55,Slovenia,5.848,1.18498,0.87337,0.60855,0.25328,0.03787,2015,1
56,Lithuania,5.833,1.14723,0.73128,0.21342,0.02641,0.01031,2015,1
57,Nicaragua,5.828,0.59325,0.74314,0.55475,0.27815,0.19317,2015,1
58,Peru,5.824,0.90019,0.73017,0.41496,0.14982,0.05989,2015,1
59,Belarus,5.813,1.03192,0.73608,0.37938,0.11046,0.1909,2015,1
60,Poland,5.791,1.12555,0.77903,0.53122,0.16759,0.04212,2015,1
61,Malaysia,5.77,1.12486,0.72394,0.53024,0.33075,0.10501,2015,1
62,Croatia,5.759,1.08254,0.78805,0.25883,0.05444,0.0243,2015,1
63,Libya,5.754,1.13145,0.7038,0.41668,0.18295,0.11023,2015,1
64,Russia,5.716,1.13764,0.66926,0.36679,0.00199,0.03005,2015,1
65,Jamaica,5.709,0.81038,0.68741,0.50442,0.2123,0.02299,2015,1
66,North Cyprus,5.695,1.20806,0.92356,0.49027,0.26169,0.1428,2015,1
67,Cyprus,5.689,1.20813,0.92356,0.40672,0.30638,0.06146,2015,1
68,Algeria,5.605,0.93929,0.61766,0.28579,0.07822,0.17383,2015,1
69,Kosovo,5.589,0.80148,0.63132,0.24749,0.2831,0.04741,2015,1
70,Turkmenistan,5.548,0.95847,0.53886,0.4761,0.16979,0.30844,2015,1
71,Mauritius,5.477,1.00761,0.7095,0.56066,0.37744,0.07521,2015,1
72,Hong Kong,5.474,1.38604,1.01328,0.59608,0.39478,0.37124,2015,1
73,Estonia,5.429,1.15174,0.77361,0.44888,0.0868,0.15184,2015,1
74,Indonesia,5.399,0.82827,0.63793,0.46611,0.51535,0,2015,1
75,Vietnam,5.36,0.63216,0.74676,0.59444,0.1686,0.10441,2015,1
76,Turkey,5.332,1.06098,0.73172,0.22815,0.12253,0.15746,2015,1
77,Kyrgyzstan,5.286,0.47428,0.65088,0.43477,0.3003,0.04232,2015,1
78,Nigeria,5.268,0.65435,0.16007,0.34334,0.27233,0.0403,2015,1
79,Bhutan,5.253,0.77042,0.57407,0.53206,0.47998,0.15445,2015,1
80,Azerbaijan,5.212,1.02389,0.64045,0.3703,0.07799,0.16065,2015,1
81,Pakistan,5.194,0.59543,0.51466,0.12102,0.33671,0.10464,2015,1
82,Jordan,5.192,0.90198,0.69639,0.40661,0.11053,0.14293,2015,1
82,Montenegro,5.192,0.97438,0.72521,0.1826,0.1614,0.14296,2015,1
84,China,5.14,0.89012,0.81658,0.51697,0.08185,0.02781,2015,1
85,Zambia,5.129,0.47038,0.29924,0.48827,0.19591,0.12468,2015,1
86,Romania,5.124,1.04345,0.7689,0.35068,0.13748,0.00649,2015,1
87,Serbia,5.123,0.92053,0.74836,0.20107,0.19231,0.02617,2015,1
88,Portugal,5.102,1.15991,0.87519,0.51469,0.13719,0.01078,2015,1
89,Latvia,5.098,1.11312,0.72437,0.29671,0.18226,0.06332,2015,1
90,Philippines,5.073,0.70532,0.58114,0.62545,0.24991,0.12279,2015,1
91,Somaliland region,5.057,0.18847,0.43873,0.46582,0.50318,0.39928,2015,1
92,Morocco,5.013,0.73479,0.60954,0.41691,0.07172,0.08546,2015,1
93,Macedonia,5.007,0.91851,0.73545,0.33457,0.22359,0.05327,2015,1
94,Mozambique,4.971,0.08308,0.09131,0.34037,0.22269,0.15603,2015,0
95,Albania,4.959,0.87867,0.81325,0.35733,0.14272,0.06413,2015,0
96,Bosnia and Herzegovina,4.949,0.83223,0.79081,0.09245,0.24808,0.00227,2015,0
97,Lesotho,4.898,0.37545,0.07612,0.31767,0.16388,0.12504,2015,0
98,Dominican Republic,4.885,0.89537,0.66825,0.57672,0.21684,0.14234,2015,0
99,Laos,4.876,0.59066,0.54909,0.59591,0.42192,0.24249,2015,0
100,Mongolia,4.874,0.82819,0.60268,0.43626,0.3323,0.02666,2015,0
101,Swaziland,4.867,0.71206,0.07566,0.30658,0.18259,0.0306,2015,0
102,Greece,4.857,1.15406,0.88213,0.07699,0,0.01397,2015,0
103,Lebanon,4.839,1.02564,0.83947,0.33916,0.21854,0.04582,2015,0
104,Hungary,4.8,1.12094,0.75905,0.32112,0.128,0.02758,2015,0
105,Honduras,4.788,0.59532,0.6951,0.40148,0.23027,0.06825,2015,0
106,Tajikistan,4.786,0.39047,0.57379,0.47216,0.22974,0.15072,2015,0
107,Tunisia,4.739,0.88113,0.73793,0.26268,0.06431,0.06358,2015,0
108,Palestinian Territories,4.715,0.59867,0.66015,0.24499,0.11251,0.12905,2015,0
109,Bangladesh,4.694,0.39753,0.60164,0.4082,0.21222,0.12569,2015,0
110,Iran,4.686,1.0088,0.69805,0.30033,0.38086,0.05863,2015,0
111,Ukraine,4.681,0.79907,0.6739,0.25123,0.15275,0.02961,2015,0
112,Iraq,4.677,0.98549,0.60237,0,0.17922,0.13788,2015,0
113,South Africa,4.642,0.92049,0.27688,0.33207,0.11973,0.08884,2015,0
114,Ghana,4.633,0.54558,0.40132,0.42342,0.23087,0.04355,2015,0
115,Zimbabwe,4.61,0.271,0.33475,0.25861,0.18987,0.08079,2015,0
116,Liberia,4.571,0.0712,0.34201,0.28531,0.24362,0.06232,2015,0
117,India,4.565,0.64499,0.51529,0.39786,0.26475,0.08492,2015,0
118,Sudan,4.55,0.52107,0.36878,0.10081,0.19062,0.1466,2015,0
119,Haiti,4.518,0.26673,0.38847,0.24425,0.46187,0.17175,2015,0
120,Congo (Kinshasa),4.517,0,0.09806,0.22605,0.24834,0.07625,2015,0
121,Nepal,4.514,0.35997,0.56874,0.38282,0.32296,0.05907,2015,0
122,Ethiopia,4.512,0.19073,0.44055,0.4345,0.24325,0.15048,2015,0
123,Sierra Leone,4.507,0.33024,0,0.4084,0.21488,0.08786,2015,0
124,Mauritania,4.436,0.45407,0.35874,0.24232,0.219,0.17461,2015,0
125,Kenya,4.419,0.36471,0.41435,0.42215,0.37542,0.05839,2015,0
126,Djibouti,4.369,0.44025,0.36291,0.46074,0.18093,0.28105,2015,0
127,Armenia,4.35,0.76821,0.7299,0.19847,0.07855,0.039,2015,0
128,Botswana,4.332,0.99355,0.04776,0.49495,0.10461,0.12474,2015,0
129,Myanmar,4.307,0.27108,0.48246,0.44017,0.79588,0.19034,2015,0
130,Georgia,4.297,0.7419,0.72926,0.40577,0.05547,0.38331,2015,0
131,Malawi,4.292,0.01604,0.22562,0.43054,0.33128,0.06977,2015,0
132,Sri Lanka,4.271,0.83524,0.70806,0.53726,0.40828,0.09179,2015,0
133,Cameroon,4.252,0.4225,0.23402,0.49309,0.20618,0.05786,2015,0
134,Bulgaria,4.218,1.01216,0.76649,0.30587,0.11921,0.00872,2015,0
135,Egypt,4.194,0.8818,0.61712,0.17288,0.11291,0.06324,2015,0
136,Yemen,4.077,0.54649,0.40064,0.35571,0.09131,0.07854,2015,0
137,Angola,4.033,0.75778,0.16683,0.10384,0.12344,0.07122,2015,0
138,Mali,3.995,0.26074,0.20583,0.38857,0.18798,0.12352,2015,0
139,Congo (Brazzaville),3.989,0.67866,0.31051,0.41466,0.12388,0.11686,2015,0
140,Comoros,3.956,0.23906,0.36315,0.22917,0.17441,0.199,2015,0
141,Uganda,3.931,0.21102,0.33861,0.45727,0.29066,0.07267,2015,0
142,Senegal,3.904,0.36498,0.4354,0.36772,0.20843,0.10713,2015,0
143,Gabon,3.896,1.06024,0.43372,0.31914,0.06822,0.11091,2015,0
144,Niger,3.845,0.0694,0.29707,0.47692,0.19387,0.15639,2015,0
145,Cambodia,3.819,0.46038,0.61114,0.66246,0.40359,0.07247,2015,0
146,Tanzania,3.781,0.2852,0.38215,0.32878,0.34377,0.05747,2015,0
147,Madagascar,3.681,0.20824,0.46721,0.19184,0.21333,0.08124,2015,0
148,Central African Republic,3.678,0.0785,0.06699,0.48879,0.23835,0.08289,2015,0
149,Chad,3.667,0.34193,0.1501,0.23501,0.18386,0.05269,2015,0
150,Guinea,3.656,0.17417,0.24009,0.37725,0.28657,0.12139,2015,0
151,Ivory Coast,3.655,0.46534,0.15185,0.46866,0.20165,0.17922,2015,0
152,Burkina Faso,3.587,0.25812,0.27125,0.39493,0.21747,0.12832,2015,0
153,Afghanistan,3.575,0.31982,0.30335,0.23414,0.3651,0.09719,2015,0
154,Rwanda,3.465,0.22208,0.42864,0.59201,0.22628,0.55191,2015,0
155,Benin,3.34,0.28665,0.3191,0.4845,0.1826,0.0801,2015,0
156,Syria,3.006,0.6632,0.72193,0.15684,0.47179,0.18906,2015,0
157,Burundi,2.905,0.0153,0.22396,0.1185,0.19727,0.10062,2015,0
158,Togo,2.839,0.20868,0.28443,0.36453,0.16681,0.10731,2015,0
